USE telemedicine_db;

SET NAMES utf8mb4;

SET FOREIGN_KEY_CHECKS = 0;
DELETE FROM prescriptions;
DELETE FROM appointments;
DELETE FROM doctors;
DELETE FROM users;
SET FOREIGN_KEY_CHECKS = 1;

INSERT INTO users (id, phone_number, full_name, role) VALUES
(1, '+22220000001', 'Mohamed Ould Ahmed', 'doctor'),
(2, '+22220000002', 'Aissata Mint Salem', 'doctor'),
(3, '+22220000003', 'Sidi Mohamed Ould Ely', 'doctor'),
(4, '+22220000004', 'Khadijetou Mint Abdallahi', 'doctor'),
(5, '+22220000005', 'Ahmedou Ould Cheikh', 'doctor'),
(6, '+22220000006', 'Mariem Mint Lemine', 'doctor'),
(7, '+22220000007', 'Yahya Ould Brahim', 'doctor'),
(8, '+22220000008', 'Zeinabou Mint Habib', 'doctor'),
(9, '+22220000009', 'El Hacen Ould Mohamed', 'doctor'),
(10, '+22220000010', 'Fatimetou Mint Ahmed', 'doctor'),
(11, '+22220000011', 'Abdallahi Ould Mahmoud', 'patient'),
(12, '+22220000012', 'Aminetou Mint Sidi', 'patient'),
(13, '+22220000013', 'Moustapha Ould Didi', 'patient'),
(14, '+22220000014', 'Hawa Mint Moctar', 'patient'),
(15, '+22220000015', 'Bilal Ould Mohamed', 'patient'),
(16, '+22220000016', 'Safiya Mint Ely', 'patient'),
(17, '+22220000017', 'Cheikhna Ould Boubacar', 'patient'),
(18, '+22220000018', 'Noura Mint Ahmedou', 'patient'),
(19, '+22220000019', 'Moussa Ould Amar', 'patient'),
(20, '+22220000020', 'Aicha Mint Moulaye', 'patient'),
(21, '+22220000021', 'Ismail Ould Salem', 'patient'),
(22, '+22220000022', 'Khadija Mint Vall', 'patient'),
(23, '+22220000023', 'Hamadi Ould Mohameden', 'patient'),
(24, '+22220000024', 'Leila Mint Sidi Mohamed', 'patient'),
(25, '+22220000025', 'Bocar Ould Ba', 'patient'),
(26, '+22220000026', 'Fatoumata Mint Moctar', 'patient'),
(27, '+22220000027', 'Oumar Ould Sidina', 'patient'),
(28, '+22220000028', 'Mariama Mint Cheikh', 'patient'),
(29, '+22220000029', 'Brahim Ould Amar', 'patient'),
(30, '+22220000030', 'Rokia Mint Mohamed', 'patient');

INSERT INTO doctors (id, user_id, specialty, experience_years, is_available) VALUES
(1, 1, 'Kardiyoloji', 12, 1),
(2, 2, 'Pediatri', 8, 1),
(3, 3, 'Genel Cerrahi', 17, 1),
(4, 4, 'Göz Hastalıkları', 6, 1),
(5, 5, 'Psikiyatri', 14, 0),
(6, 6, 'Kardiyoloji', 22, 1),
(7, 7, 'Pediatri', 4, 1),
(8, 8, 'Genel Cerrahi', 19, 0),
(9, 9, 'Göz Hastalıkları', 9, 1),
(10, 10, 'Psikiyatri', 25, 1);

INSERT INTO appointments (id, patient_id, doctor_id, appointment_date, status, payment_status, agora_token) VALUES
(1, 11, 1, '2025-11-18 09:00:00', 'completed', 1, 'ag_1_kL9pQ2xM7nA4'),
(2, 12, 2, '2025-12-02 10:30:00', 'completed', 1, 'ag_2_tR4mW8cY1pZ6'),
(3, 13, 3, '2025-12-19 14:00:00', 'completed', 1, 'ag_3_bX7nF5kQ9sL2'),
(4, 14, 4, '2026-01-05 11:15:00', 'completed', 1, 'ag_4_pC2vJ8mE6rT1'),
(5, 15, 5, '2026-01-12 16:00:00', 'completed', 1, 'ag_5_zN4qH1uK7yM3'),
(6, 16, 6, '2026-01-18 09:45:00', 'completed', 1, 'ag_6_wL8dS3aF5kP9'),
(7, 17, 7, '2026-01-26 13:30:00', 'completed', 1, 'ag_7_eT5nV2qR8cX4'),
(8, 18, 8, '2026-02-03 15:00:00', 'completed', 1, 'ag_8_mY1kB7pD4tW6'),
(9, 19, 9, '2026-02-09 08:30:00', 'completed', 1, 'ag_9_qF6xL3nA8vC2'),
(10, 20, 10, '2026-02-14 17:15:00', 'completed', 1, 'ag_10_rP4wK9mS2dH7'),
(11, 21, 1, '2026-02-21 10:00:00', 'completed', 1, 'ag_11_uJ2cT8yN5qL3'),
(12, 22, 2, '2026-02-28 12:30:00', 'completed', 1, 'ag_12_sM7pE1vR4kX9'),
(13, 23, 3, '2026-03-04 09:20:00', 'completed', 1, 'ag_13_dW5nQ2bF8tY6'),
(14, 24, 4, '2026-03-09 14:40:00', 'completed', 1, 'ag_14_hC8rL4mP1zV7'),
(15, 25, 5, '2026-03-13 16:10:00', 'completed', 1, 'ag_15_nT3xA9kS6qD2'),
(16, 26, 6, '2026-03-18 11:00:00', 'completed', 1, 'ag_16_fV1mJ7pE5wR8'),
(17, 27, 7, '2026-03-24 15:35:00', 'completed', 1, 'ag_17_kQ9dC2yT4nM6'),
(18, 28, 8, '2026-03-29 10:50:00', 'completed', 1, 'ag_18_pL4sW8bX1rF3'),
(19, 29, 9, '2026-04-02 13:10:00', 'completed', 1, 'ag_19_xN6qH3mK7tP2'),
(20, 30, 10, '2026-04-06 09:15:00', 'completed', 1, 'ag_20_bR5vY1cJ8dL4'),
(21, 11, 3, '2026-04-12 11:45:00', 'completed', 1, 'ag_21_tF2kM9pQ6wS7'),
(22, 12, 5, '2026-04-18 14:30:00', 'completed', 1, 'ag_22_yC8nE4rV1xD5'),
(23, 13, 7, '2026-04-24 16:20:00', 'completed', 1, 'ag_23_mP3qL7sT2bK9'),
(24, 14, 9, '2026-05-01 10:10:00', 'completed', 1, 'ag_24_wH6dA1kF8nR3'),
(25, 15, 1, '2026-05-15 09:00:00', 'pending', 0, 'ag_25_qJ4mT8yP2cL7'),
(26, 16, 2, '2026-05-16 10:15:00', 'paid', 1, 'ag_26_vN1sK5dX9rF4'),
(27, 17, 3, '2026-05-17 13:00:00', 'pending', 0, 'ag_27_cR7pW3mE6tH1'),
(28, 18, 4, '2026-05-18 15:30:00', 'paid', 1, 'ag_28_zL2nQ8bJ4yM5'),
(29, 19, 5, '2026-05-20 11:00:00', 'pending', 0, 'ag_29_hF9kV1pS7dC3'),
(30, 20, 6, '2026-05-21 16:45:00', 'paid', 1, 'ag_30_pT5xM2rN8wL6'),
(31, 21, 7, '2026-05-23 09:40:00', 'pending', 0, 'ag_31_bC3qY7kF1vR9'),
(32, 22, 8, '2026-05-24 14:10:00', 'cancelled', 0, 'ag_32_nW8dL4mP6tX2'),
(33, 23, 9, '2026-05-26 10:20:00', 'paid', 1, 'ag_33_sH1pE5qJ9cK4'),
(34, 24, 10, '2026-05-27 12:00:00', 'pending', 0, 'ag_34_rM6vT2yN7bF3'),
(35, 25, 2, '2026-05-29 17:00:00', 'paid', 1, 'ag_35_xP4kC8dW1mL5'),
(36, 26, 4, '2026-05-31 08:50:00', 'pending', 0, 'ag_36_jQ9nR3sV6tH2'),
(37, 27, 6, '2026-06-02 10:30:00', 'pending', 0, 'ag_37_fL2mY7pA4cD8'),
(38, 28, 8, '2026-06-04 13:45:00', 'paid', 1, 'ag_38_tN5wK1qE9rM3'),
(39, 29, 10, '2026-06-06 15:20:00', 'pending', 0, 'ag_39_dH8xS4bJ2vP7'),
(40, 30, 1, '2026-06-08 11:10:00', 'cancelled', 0, 'ag_40_mC1rL6nT8yF5'),
(41, 11, 2, '2026-06-10 09:30:00', 'pending', 0, 'ag_41_pV7kQ3dW5tR2'),
(42, 12, 3, '2026-06-12 16:00:00', 'paid', 1, 'ag_42_wF4mN8sE1cL9'),
(43, 13, 4, '2026-06-14 10:40:00', 'pending', 0, 'ag_43_yT2pH6qK7bM4'),
(44, 14, 5, '2026-06-16 14:25:00', 'cancelled', 0, 'ag_44_nR9xC1vJ5dP3'),
(45, 15, 6, '2026-06-18 12:15:00', 'paid', 1, 'ag_45_kL3sW7mF2tQ8'),
(46, 16, 7, '2026-06-20 09:55:00', 'pending', 0, 'ag_46_bM6qY1nD4rH9'),
(47, 17, 8, '2026-06-22 15:05:00', 'pending', 0, 'ag_47_cP8vT2kE5sL1'),
(48, 18, 9, '2026-06-25 17:30:00', 'paid', 1, 'ag_48_hN4dR9mJ3xF6'),
(49, 19, 10, '2026-06-28 11:35:00', 'pending', 0, 'ag_49_qW7pC1yV8tK2'),
(50, 20, 1, '2026-07-01 13:15:00', 'cancelled', 0, 'ag_50_sF5mL2nP6rD4');

INSERT INTO prescriptions (id, appointment_id, diagnosis, medications, qr_code_data) VALUES
(1, 1, 'Esansiyel hipertansiyon ve hafif sinüs taşikardisi', 'Amlodipine 5 mg günde bir, Bisoprolol 2.5 mg günde bir, düşük sodyumlu diyet', 'QR_DOC_CAR_001'),
(2, 2, 'Akut viral farenjit', 'Paracetamol 250 mg gerektiğinde, oral rehidrasyon, nazal serum fizyolojik', 'QR_DOC_PED_002'),
(3, 3, 'Semptomatik inguinal herni', 'Ibuprofen 400 mg gerektiğinde, cerrahi değerlendirme önerisi, abdominal destek kemeri', 'QR_DOC_SUR_003'),
(4, 4, 'Alerjik konjonktivit', 'Olopatadine göz damlası günde iki, suni gözyaşı damlası günde dört', 'QR_DOC_EYE_004'),
(5, 5, 'Yaygın anksiyete bozukluğu', 'Escitalopram 10 mg günde bir, Hydroxyzine 25 mg gece, psikoeğitim', 'QR_DOC_PSY_005'),
(6, 6, 'Stabil angina pektoris', 'Aspirin 81 mg günde bir, Atorvastatin 20 mg gece, Nitroglycerin gerektiğinde', 'QR_DOC_CAR_006'),
(7, 7, 'Akut otitis media', 'Amoxicillin 500 mg günde üç, Paracetamol 250 mg gerektiğinde', 'QR_DOC_PED_007'),
(8, 8, 'Kronik anal fissür', 'Topikal lidocaine, liften zengin diyet, sıcak oturma banyosu', 'QR_DOC_SUR_008'),
(9, 9, 'Kuru göz sendromu', 'Carboxymethylcellulose göz damlası günde dört, göz hijyeni eğitimi', 'QR_DOC_EYE_009'),
(10, 10, 'Majör depresif bozukluk başlangıç dönemi', 'Sertraline 50 mg günde bir, uyku hijyeni önerileri, takip kontrolü', 'QR_DOC_PSY_010'),
(11, 11, 'Prematür ventriküler atım ve çarpıntı yakınması', 'Metoprolol 25 mg günde bir, kafein kısıtlaması, Holter önerisi', 'QR_DOC_CAR_011'),
(12, 12, 'Akut gastroenterit', 'Oral rehidrasyon solüsyonu, Zinc 20 mg günde bir, probiyotik saşe', 'QR_DOC_PED_012'),
(13, 13, 'Semptomatik kolelitiazis', 'Hyoscine butylbromide gerektiğinde, düşük yağlı diyet, elektif cerrahi planı', 'QR_DOC_SUR_013'),
(14, 14, 'Blefarit', 'Eritromisin oftalmik pomad gece, ılık kompres, kapak temizliği', 'QR_DOC_EYE_014'),
(15, 15, 'Panik bozukluk', 'Paroxetine 20 mg günde bir, Alprazolam 0.25 mg kısa süreli, nefes egzersizi', 'QR_DOC_PSY_015'),
(16, 16, 'Dislipidemi ve kontrolsüz hipertansiyon', 'Losartan 50 mg günde bir, Rosuvastatin 10 mg gece, DASH diyeti', 'QR_DOC_CAR_016'),
(17, 17, 'Üst solunum yolu enfeksiyonu', 'Cetirizine 5 mg günde bir, Paracetamol 250 mg gerektiğinde, bol sıvı alımı', 'QR_DOC_PED_017'),
(18, 18, 'Lipom ve lokal hassasiyet', 'Cerrahi eksizyon planı, Paracetamol 500 mg gerektiğinde', 'QR_DOC_SUR_018'),
(19, 19, 'Mevsimsel alerjik konjonktivit', 'Ketotifen göz damlası günde iki, suni gözyaşı damlası gerektiğinde', 'QR_DOC_EYE_019'),
(20, 20, 'Uyum bozukluğu ve insomnia', 'Trazodone 50 mg gece, kısa destekleyici psikoterapi önerisi', 'QR_DOC_PSY_020'),
(21, 21, 'Pilonidal sinüs inflamasyonu', 'Amoxicillin clavulanate 625 mg günde iki, günlük pansuman, cerrahi takip', 'QR_DOC_SUR_021'),
(22, 22, 'Somatizasyon eşlik eden anksiyöz duygu durum', 'Fluoxetine 20 mg günde bir, destekleyici terapi, kafein azaltımı', 'QR_DOC_PSY_022'),
(23, 23, 'Akut tonsillofarenjit', 'Amoxicillin 500 mg günde iki, Paracetamol 500 mg gerektiğinde, ılık sıvı tüketimi', 'QR_DOC_PED_023'),
(24, 24, 'Miyop astigmat ve göz yorgunluğu', 'Suni gözyaşı damlası gerektiğinde, refraksiyon kontrolü ve ekran molası', 'QR_DOC_EYE_024');
